product_id,name,rating,custom_stock,preorder,price,discount_precentage,discounted_price,shop_name,shop_location,description,url_desktop,campaign_id,campaign_sold_count,is_official,is_topads
972764673,"Jaket Tebal Musim Dingin Pria Wanita CASC Parka WinterBold 1.0 Prosper - Hitam, S",,0,False,Rp20.000,,Rp225.000,Anugerah Fashion Ind,Kab. Garut,"Bukan Reseller/Dropshipeer, Toko ini adalah salah satu marketing Circle Ascending 47, sebuah Brand asal Garut, memberi kualitas terbaik dengan harga terbaik, lihat list Toko official Circle Ascending 47 pada Official Social Media akun Circle Ascending 47.Promo Terbaru! Jaket Casc Parka Winter Bold 1.0 Prosper . Jaket Keren, Tebal dan Hangat yang cocok untuk bergaya dan dipakai di daerah Dingin.Cocok pula untuk aktivitas harian, juga pelengkap untuk weekend atau liburan.Produk Pilihan Lainnya :https://www.tokopedia.com/anugerahfashion/promo-jaket-tebal-musim-dingin-pria-wanita-casc-parka-paperslim-armySpesifikasi :Bahan : Mayer Fv Premium (Lembut dan Nyaman)Furring : Polar Super Soft  Warna Hitam + Busa Dakron Tebal (Sangat Lembut dan Hangat)Merk : Circle Ascending 47Ukuran : S, M, L, XL, XXLWarna : Hitam dan Biru Navy.Keunggulan :- Hoodie/Kupluk Bisa Dilepas Karena Memakai Sletting- Tahan angin 100%- Tahan Air 90% (Kecuali Ketika Dicuci)- Cocok Untuk Daerah Dingin dan Bersalju- Pesan Banyak, Harga Semakin Murah- Bisa Memakai Bordir/Sablon/EmblemSizechat PxL :S = 74 x 47M = 77 x 50L = 80 x 53XL = 83 x 56XXL = 86 x 59Harap diketahui, beberapa kelebihan untuk anda berbelanja dilapak kami :1. Produk yang kami jual adalah asli (Original) Produk Circle Ascending 47.2. Kualitas serta pelayanan selalu kami utamakan.3. Komunikatif dan Ramah.4. Pengiriman setiap hari kecuali hari libur besar saja.5. Toko kami buka 7 hari dalam seminggu.6. Harga bersaing untuk kualitas Exclusive yang kami tawarkan.7. Jika Barang yang anda terima ternyata kebesaran/kekecilan, maka anda bisa menukarnya dengan ukuran yang anda inginkan.*.Promote :Anugerah Fashion Ind melalui Konveksi Anugerah menerima dan pengerjakan berbagai pesanan Custom untuk berbagai kebutuhan, seperti Jaket, Kemeja, Polo shirt, Kaos, Celana dengan pengerjaan yang cepat dan harga yang relatif lebih murah. tunggu apa lagi? langsung hubungi kami melalui fitur Chat.",https://www.tokopedia.com/anugerahfashion,4181187,3,False,False
992063015,"BIG SIZE 3XL 4XL 5XL Jaket Tebal Musim Dingin CASC Parka Winter Bold - Hitam, XXXL",,0,False,Rp20.000,,Rp275.000,Anugerah Fashion Ind,Kab. Garut,"Promo Terbaru! BIG SIZE 3XL 4XL 5XL Jaket Casc Parka Winter Bold 1.0 Prosper . Jaket Keren, Tebal dan Hangat yang cocok untuk bergaya dan dipakai di daerah Dingin.Cocok pula untuk aktivitas harian, juga pelengkap untuk weekend atau liburan.Hanya Dengan Selisih Harga 75k dari Reguler Size, Kamu Sudah Bisa Mendapatkan Jaket Ini Dengan Ukuran Big Size.Spesifikasi :Bahan : Mayer Fv Premium (Lembut dan Nyaman)Furring : Polar Warna Hitam + Busa Dakron Tebal (Sangat Lembut dan Hangat)Merk : Circle Ascending 47Ukuran : 3XL 4XL 5XLWarna : Hitam dan Biru Navy.Keunggulan :- Hoodie/Kupluk Bisa Dilepas Karena Memakai Sletting- Tahan Untuk suhu 15 Derajat Celcius sampai -20 Derajat Celcius- Tahan angin 100%- Tahan Air 90% (Kecuali Ketika Dicuci)- Cocok Untuk Daerah Dingin dan Bersalju- Pesan Banyak, Harga Semakin Murah- Bisa Memakai Bordir/Sablon/EmblemSizechat PxL :3XL = 89 x 624XL = 92 x 655XL = 95 x 68Catatan Lain :Ingin punya penghasilan tanmbahan dengan cara jualan online tanpa ribet mikirin modal awal dan stock? Mari bergabung bersama Circle Ascending 47 dengan cara menjadi Reseller/Dropshipper, dapatkan harga special dan keuntungan lainnya. Minat? Silahkan Chat Toko ini :)",https://www.tokopedia.com/anugerahfashion,4181187,3,False,False
1109037450,Triple Pack: Tropicana Slim Hokkaido Cheese Cookies (5 Sch),,0,False,Rp11.000,,Rp86.400,NutriMart,Jakarta Utara,"Nikmati Tropicana Slim Hokkaido Cheese Cookies, kukis bebas gula dengan rasa keju yang nikmat. Tropicana Slim Hokkaido Cheese Cookies juga diformulasikan bebas gula dan hanya 100 kalori per sachet sehingga aman bagi diabetesi dan cocok untuk diet. Mengapa Tropicana Slim Hokkaido Cheese Cookies?-  Bebas gula-  Hanya 100 kalori per sachet-  Rasa keju asli yang nikmat-  Aman untuk diabetesi dan cocok untuk diet-  Praktis dalam kemasan sachetCara Penyajian dan Petunjuk Konsumsi :Tropicana Slim Hokkaido Cheese Cookies dapat dikonsumsi kapan pun sebagai camilan yang nikmat dan baik.Nutrimart merekomendasikan Tropicana Slim Hokkaido Cheese Cookies untuk kamu yang: - Mencari Snack BEBAS GULA yang NIKMAT - Mencari Snack hanya 100 KALORI/SAJI - Memulai POLA HIDUP SEHAT dengan membatasi asupan gula - MenJAGA KADAR GULA DARAH- Memiliki DIABETES - Menjalankan DIET - Mementingkan KREDIBILITAS produk dengan pengalaman hampir 50 TAHUN",https://www.tokopedia.com/nutrimartid,4400764,10,True,False
14979702234,Smartclick Speaker Bluetooth Karaoke Portable Mini 3.5 Inches Free Mic - 316,,1,False,Rp11.000,,Rp149.000,SmartClick,Kota Tangerang,"Wajib videokan unboxing untuk klaim kekurangan produkSpeaker Bluetooth Karaoke Portable Mini 3.5 Inches Free MicKelebihan:-Bentuk speaker yang mini dan portable mempermudah speaker untuk dibawa ke mana saja-Kualitas suara yang baik untuk mendengarkan musik anda-Disertai fungsi untuk menyanyi karaokeVarian Warna:-BlackSpesifikasi:-Power Output : 5Watt-Play time : Up to 4 Hours-Bluetooth: 4.1- Material: ABS- Playback mode: Bluetooth connection, TF card /U disk Playback,USB Connection- FM radio, AUX connection Music player, Mobile Phone Stand- Horn Unit: Single Horn- Horn Diameter: 3.5 inches- LED lights: Colourful Different Lights- Effective distance: 10M (without obstacles)- Charging Interface: MICRO USB charging- Button Functions: On/Off, Up/Down, Pause/Play, Volume Adjustment, Mode SwitchIsi Paket:1x Speaker1x Charging cable (Micro USB)1x Wired MicrophoneCara Pemakaian:1. Nyalakan Bluetooth Speaker (pastikan baterai mencukupi), kemudian aktifkan Bluetooth di HP anda, lalu scan daftar perangkat Bluetooth, lalu disambungkan ke perangkat dengan nama ""BT SPEAKER""2. Setelah tersambung, Speaker siap digunakan untuk memutar musik3. Untuk menyambungkan mic, pasangkan kabel aux mic yang disertakan pada speaker ke lubang aux pada speaker, kemudian nyalakan mic, kemudian mic siap digunakan",https://www.tokopedia.com/smartclick,4400764,9,True,False
649356285,Delcell Kabel LEON Cable Charging 3 in 1 2A Fast Charge 100cm,,1,False,Rp13.800,,Rp99.000,DelCell,Jakarta Pusat,"Delcell Official Store--------------------------------------------------------------------------------------------------------------------------------------------------------Operasional Jam KerjaSenin  Jumat : 10:00  17:30Sabtu : 10:00  16:00Minggu & Tanggal Merah : LIBUR--------------------------------------------------------------------------------------------------------------------------------------------------------Jadwal Pengiriman BarangEkspedisi via (JNE REG / JTR)Barang dikirim dihari yang sama jika order sebelum jam 15:00Jika diatas jam tersebut maka akan dikirim dihari berikutnya.No. Resi akan diupdate dihari besoknya dari hari pengiriman.Ekspedisi via (SAME DAY)Order sebelum jam 14:00Jika diatas jam tersebut maka akan dikirim dihari berikutnya.--------------------------------------------------------------------------------------------------------------------------------------------------------Detail produk dari Delcell Kabel LEON Cable Charging 3 in 1 2A Fast Charge 100cmKabel LEON 3 in 1- Ligtning- Micro- Type C- Garansi 6 bulanFast charging 3.0 dan bisa langsung di gunakan dengan 3 perangkat sekaligus Ketentuan Garansi:1. Garansi 6 bulanTukar Baru Untuk Produk Tidak Berlaku Jika:A. Tidak Ditemukan Adanya KerusakanB. Kerusakan Disebabkan Oleh Faktor Luar/Di Luar KuasaC. Kerusakan Akibat Dari Kesalahan Pemakaian (Terjatuh, Tergores, Ternoda, Pecah, Terkena Air, Dll.)2. Syarat Klaim:A. Unit Masih Dalam Masa Garansi Dan Sesuai Dengan Kebijakan Garansi Yang Telah DitetapkanB. Kelengkapan Dari Unit Harus Disertai Secara Lengkap (Dus, Kabel Charger, Buku Manual, Kartu Garansi, Dll)C. Dilengkapi Dengan Nota Pembelian (Print Out History Pembelian)",https://www.tokopedia.com/deltaindotrada,4400764,9,True,False
2197506383,Baby Roll-On Essential Oil Sweet Dreams Deep Sleep Aid 10ml - MUSIM,,1,False,Rp38.400,,Rp48.000,MUSIM Aromatic,Kab. Tangerang,"Baby Roll-On Essential Oil Sweet Dreams Deep Sleep Aid 10ml - MUSIM Mom & BabyTHERAPEUTICMUSIM Mom & Baby Roll-On Sweet Dreams adalah Essential Oil Blend yang sangat cocok digunakan untuk membantu buah hati tidur lebih cepat dan lelap, serta memiliki kandungan Carrier Oil Grapeseed Oil yang memiliki anti-inflammatory dan Jojoba Oil yang dapat menutrisi kulit buah hati.Komposisi: Lavender, Citrus, Bergamot, Ylang-Ylang, Jojoba, GrapeseedKomposisi ini menggunakan oil bahan murni alami 100% Therapeutic Grade.Aman untuk kulit Bayi dan Anak.Tidak menggunakan bahan kimia dan alkoholCara pemakaian:â€¢	Oleskan dan Pijat Lembut Disepanjang Tulang Belakang Bayiâ€¢	Oleskan dan Pijat Lembut Pada Area Dada Bayiâ€¢	Oleskan dan Pijat Lembut Pada Area Belakang Leher Bayiâ€¢	Oleskan Pada Bagian Telinga BelakangManfaat MUSIM Mom & Baby Sweet Dreams bagi Kesehatan:â€¢	Membantu membuat bayi lebih cepat tidurâ€¢ 	Membuat tidur lebih lelapâ€¢ 	Menutrisi kulitâ€¢ 	Melembabkan kulitâ€¢ 	Anti-Allergicâ€¢ 	Antioxidantâ€¢ 	Anti-Microbialâ€¢ 	Anti-InflammatoryPeringatan: Hindari kontak dengan mata, wajah, hidung, kulit sensitif, atau luka baru atau luka bakar pada buah hati. Jangan ditelan.Salam,MUSIM Aromatic",https://www.tokopedia.com/musim-aromatic,4181187,4,False,False
8283966554,Polishing Compound / Kompon pengilang baret & goresan halus STEP 2,,1,False,Rp31.200,,Rp39.000,Gentle Wagon,Kab. Tangerang,"Kenapa beli di Gentle Wagon?â–º Produk aman digunakan pada kendaraan kesayanganâ–º Free Bubble Warp disetiap pembelian, jadi paket lebih aman.â–º Paket diasuransikan, jika terdapat kendala saat terima paket, jangan lupa videokan dan fotokan maka akan ada solusi terbaik, hingga pengembalian uang.Package included:â–º Polishing Compound 70gr (penghilang baret-baret halus)â–º Packing Bubble WarpKeunggulan:â–º Aman digunakan pada kendaraanâ–º Menghilangkan baret halusâ–º Menghilangkan acid dari kotoran burung, kelelawarâ–º Menghilangkan kerak air hujanâ–º Menghilangkan cat yang kusamâ–º No Silicone & No Waxâ–º Aman digunakan sebelum coatingPolishing Compound Gentle Wagon, memiliki daya kikis yang rendah untuk menghilangkan baret halus, setelah pemakaian ini harus dilanjuti pada STEP 3 produk kami agar kendaraan kinclong tanpa baret.Jika masih ada baret yang membandel harus diulang ke STEP 1.Produk ini NO WAX & NO SILICONE, jadi aman untuk digunakan sebelum wax atau nano coating.Cara pakai:â€¢ Bersihkan bagian yang ingin di compound dengan dicuci dan keringkan hingga kering (jika habis compound STEP 1 bisa langsung dilanjuti tanpa harus cuci)â€¢ Gunakan busa aplikator dan ambil compound secukupnyaâ€¢ Ratakan coumpound pada busa aplikatorâ€¢ Gosokkan pada bagian yang baretâ€¢ Ulangi hingga hasil yang diinginkanINFORMASI PENTING!!Cat pada kendaraan terdapat beberapa lapisan, yaitu primer, car warna dan coating.Biasanya baret terdapat pada coating, semakin dalam baret maka semakin besar baret bisa menyentuk cat warna atau primernya.Jika baret sudah sampai cat warna atau bahkan primer, maka sudah tidak dapat dihilangkan, hanya dapat sedikit disamarkan.Lakukan pengecekan kedalaman goresan dengan kuku, jika terasa sangat dalam saat dicongkel maka kemungkinan tidak dapat dihilangkan 100%, jika ingin tetap dihilangkan maka lapisan coating akan banyak yang terkikis.Silahkan dicoba :DSalam,Gentle Wagon",https://www.tokopedia.com/gentlewagon,4181187,4,False,False
7394900032,Lacoco Darkspot Essence 12ml,,2,False,Rp91.080,,Rp220.000,Lacoco En Nature - Official Shop,Kab. Sleman,"Deskripsi :Dark Spot Essence merupakan essence yang digunakan setiap malam untuk membantu memperbaiki kondisi kulit. Diformulasikan dengan kombinasi bahan terbaik dari alam dengan zat aktif yang telah teruji secara klinis, Dark Spot Essence dapat membantu menjaga kulit tetap sehat, dan mengurangi tampilan flek hitam.Benefit :Memudarkan Hiperpigmentasi & Flek HitamMengangkat Sel Kulit Mati & Membersihkan Pori-PoriMencerahkan KulitMenjaga Elastisitas KulitMemudarkan Bekas JerawatMembantu Mengurangi Tampilan KomedoMerawat Tekstur Kulit agar Halus dan MerataMenjaga Kelembaban KulitCocok digunakan untuk :Usia mulai dari 14 tahunPemilik kulit normal, kering, berminyak, sensitif maupun kombinasiKulit berjerawatKulit dengan kondisi hiperpigmentasiKulit berteksturCara pemakaian :As Chemical ExfoliatorAplikasikan tiga tetes di malam hari pada pipi sebelah kanan, kiri, dan dahiRatakan essence ke seluruh wajahGunakan 2-3 kali seminggu di malam hariGunakan moisturizer setelahnyaPastikan gunakan sunscreen di keesokan pagiAs Spot TreatmentAplikasikan Dark Spot Essence pada area bekas jerawat, hiperpigmentasi, atau area tertentu yang dibutuhkan.Pastikan memakai sunscreen setelahnya atau keesokan harinya.Ingredients :Water, Propylene Glycol, Glycolic Acid, Niacinamide, Glycerin, Gluconolactone, Tranexamic Acid, Salicylic Acid, Xanthan gum, Morus Alba Fruit (Mulberry) Extract, Daucus Carota Sativa (Carrot) Root Extract, Butylene Glycol, Sodium Hydroxymethylglycinate, Aloe Barbadensis Leaf Extract, Glycyrrhiza Uralensis (Licorice) Root Extract, Tetrasodium EDTA, 1,2-Hexanediol.NA18191906202",https://www.tokopedia.com/lacocoennatureofcshop,4400764,8,True,False
2187806785,Sarung Mobil / Cover Mobil Plastik Transparan Tebal Waterproof M Size - M,,4,False,Rp87.400,,Rp200.000,Clean&amp;Clean Shop,Kota Cirebon,"*)Item: Sarung / Selimut / Cover Mobil Plastik Transparan Tebal Waterproof (Tersedia 3 Variant Size : M , L, XL)*)Material: Plastik PE 40 micron Waterproof/Sunproof/Dustproof*)Variant Size=*) Note : mohon dicheckout sesuai variant mobil anda (masuk ke ukuran : M / L / XL). Berikut contoh panduan nya :1) M Size : Jenis Mobil Sedan Pendek/CityCar/Hatchback, panjang mobil up to 4.5m dan tinggi mobil up to 1.4m : - AGYA / AYLA- BRIO- CITY- DATSUN GO- MAZDA 2- MIRAGE- NISSAN MARCH- PICANTO- SIRION- SPLASH- SWIFT- VIOS- YARIS- DLL2) L Size : Jenis Mobil Sedan Panjang / Small MPV :- ACCORD- AVANZA/XENIA- BMW- BRV- CAMRY- CALYA / SIGRA- C-HR- CIVIC- ERTIGA- FREED- HRV- IGNIS- JUKE- LIVINA- MAZDA CX3- MERCY- MOBILIO- RUSH/TERIOS- SIENTA- XL7- Xpander- DLL3) XL Size : Jenis Mobil MPV / Large SUV- Alphard- Fortuner / Pajero / Everest- Harrier- Innova Lama+Reborn- Karnival- Kijang Kapsul- Serena- Terra- Wuling Almaz / Confero- DLL*)Fitur : Transparan , lentur, elastis, lembut dan tidak merusak cat / body mobil + elastic band di ujung plastik untuk mengencangkan cover mobil sehingga patent dan tidak mudah lepas dalam kondisi angin besar. Cover melindungi cat mobil dari segala cuaca, sinar UV matahari, hujan, scratch /goresan benda tajam &kasar, debu &kotoran. *) Note : - Harap baca deskripsi produk baik-baik sebelum membeli produk kami (kami tidak melayani complain pengembalian / return barang dengan alasan apapun yang disebabkan kelalaian pembeli), kecuali kelalaian disebabkan oleh pihak toko kami (misal:kesalahan pengiriman size)- Harap konsultasi terlebih dahulu jika mobil anda tidak termasuk ke dalam list Variant Size M/L/XL agar menghindari kesalahan pemesanan ukuran dan mobil anda dapat tercover dengan fit.- Kami tidak melayani return, karena begitu plastik OPP dibuka, cover mobil akan mengembang dan tidak akan bisa dipacking kembali ke dalam plastik OPP (sehingga tidak dapat kami jual lagi)",https://www.tokopedia.com/cleanandcleanshop,4400764,16,False,False
9162251371,Korean Microfiber Wash Mitt Sarung Tangan Cuci Mobil Premium 20x30cm - Biru,,4,False,Rp46.000,,Rp120.000,Clean&amp;Clean Shop,Kota Cirebon,"ItemÂ :Â SarungÂ TanganÂ CuciÂ BahanÂ MicrofiberÂ KoreaÂ /Â KoreanÂ MicrofiberÂ WashÂ MittÂ PremiumÂ TebalÂ 2000GSM-Â UkuranÂ AsliÂ :Â 20x30Â cmÂ (toleransiÂ selisih/marginÂ errorÂ :Â 0.5-1.5cm)-Â BeratÂ KotorÂ (diluarÂ beratÂ packaging)Â :Â Â±86-90Â gram/pcÂ (toleransiÂ selisih/marginÂ errorÂ 1-5Â gr/pc)-Â BeratÂ VolumetrikÂ :Â Â±150Â gram/pcÂ (pÂ xÂ lÂ xÂ tÂ Ã·Â 6000)Â ->Â pembelianÂ 1Â kgÂ muatÂ 8Â pcsÂ (masihÂ kenaÂ hitunganÂ ongkirÂ 1Â kg)-Â KetebalanÂ :Â Â±Â 1800-2000Â GSMÂ (PalingÂ TebalÂ /Â CocokÂ untukÂ Heavy-DutyÂ Usage)-Â PackagingÂ :Â IncludeÂ ZipperÂ Bag-Â MaterialÂ :Â 100%Â KoreanÂ Microfiber-Â ColourÂ :Â BiruÂ &Â Hitam-Â FeatureÂ :Â ->Â BahanÂ sangatÂ halusÂ -Â tidakÂ akanÂ membuatÂ baretÂ keÂ mobilÂ (100%Â swirlÂ free)->Â BahanÂ extraÂ tebalÂ -Â mampuÂ menampungÂ banyakÂ airÂ danÂ sabunÂ sehinggaÂ saatÂ digosokÂ keÂ kendaraan,Â sabunÂ me-lubrikasiÂ pasirÂ danÂ sisaÂ debuÂ denganÂ baikÂ (prosesÂ pencucianÂ jauhÂ lebihÂ efektifÂ danÂ optimal)->Â MemilikiÂ peganganÂ diÂ dalamÂ untukÂ mempermudahÂ prosesÂ pencucianÂ kendaraanÂ danÂ antiÂ selip->Â LapisanÂ dalamÂ denganÂ spongeÂ kainÂ ygÂ lenturÂ danÂ kuat->Â KaretÂ lenganÂ elastisÂ danÂ kuatÂ sehinggaÂ tidakÂ mudahÂ longgarCaraÂ pencucianÂ yangÂ baikÂ :Â 1.Â SiapkanÂ ember,Â campurÂ shampooÂ denganÂ airÂ sesuaiÂ takaran.2.Â SiramÂ mobilÂ denganÂ airÂ &Â shampooÂ yangÂ sudahÂ dicampurÂ untukÂ merontokanÂ pasirÂ danÂ debu.3.Â PencucianÂ dimulaiÂ dariÂ bagianÂ palingÂ atasÂ kendaraan,Â keÂ palingÂ bawah,Â karenaÂ bagianÂ terkotorÂ danÂ berpasirÂ biasanyaÂ adaÂ diÂ areaÂ bawahÂ mobil.Â MenggosokÂ bagianÂ berpasirÂ diÂ awalÂ proses,Â akanÂ membuatÂ mittÂ menjadiÂ kotorÂ danÂ berpasir.4.Â CelupÂ danÂ perasÂ mittÂ keÂ emberÂ setelahÂ pencucianÂ setiapÂ panelÂ /Â sisiÂ mobil.Â SqueezeÂ /Â perasÂ mittÂ denganÂ baikÂ supayaÂ pasirÂ rontok.5.Â Siram,Â danÂ lapÂ bersihÂ kendaraanÂ andaÂ denganÂ lapÂ microfiberÂ ygÂ xtraÂ lembutÂ jugaÂ untukÂ mencegahÂ terjadinyaÂ swirlÂ /Â baret.SilahkanÂ cekÂ paketÂ bundleÂ dibawahÂ jikaÂ inginÂ orderÂ bersamaanÂ denganÂ LapÂ MicrofiberÂ bahanÂ MicrofiberÂ PremiumÂ XtraÂ LembutÂ TebalÂ 600GSMÂ 40x40cmÂ supayaÂ lebihÂ hematÂ danÂ menikmatiÂ PremiumÂ CarÂ WashingÂ kelasÂ CarSalonÂ diÂ rumahÂ aganÂ ya..Â ğŸ˜ğŸ‘ğŸ»HappyÂ Shopping,Â Clean&CleanÂ Shop",https://www.tokopedia.com/cleanandcleanshop,4400764,16,False,False
11620149802,Kacamata Hitam Sunglasses AntiUV400 Frame Kotak Pria Wanita - IOOI 851,,1,False,Rp38.888,,Rp277.775,IOOI Eyewear Official Shop,Jakarta Pusat,"IOOI Eyewear Official Shop adalah kacamata yang nyaman untuk membantu Anda memiliki style yang menarik dan membantu untuk memulai hari-hari yang mencerahkan saat beraktifitas, maupun saat santai.Kacamata anti silau dan anti radiasi ultra violet.Kacamata Hitam Sunglasses AntiUV400 Frame Kotak Pria WanitaTipe : IOOI 851Spesifikasi :- Frame Material : Plastic- Bentuk Frame : Kotak/SquareUkuran:Total Width : 141 mmLens Width : 48 mmLens Height : 31 mmNose Pad : 21 mmArm Length : 145 mmPilihan Warna: Black GreyKelengkapan yang didapat : 1 Set Kacamata Hardcase (Tempat Penyimpanan Kacamata) Kain Lap (Kain Untuk Pembersih Lensa)Syarat Ketentuan Retur :1. Pembeli WAJIB menyertakan VIDEO UNBOXING.Pengembalian tidak kami terima jika :1. Penilaian subyektif (seperti : tidak suka, berbeda dengan yang dibayangkan).2. Tidak menerima pengembalian jika kesalahan dari pihak pembeli.* Jika terdapat kendala dalam pesanan mohon diskusikan dengan CS kami terlebih dahulu sebelum memberikan penilaian *Jam Operasional :Senin-Jum'at : 09:00-17:30Sabtu-Minggu : 09:00-16.30Hari Minggu/Tanggal Merah (LIBUR) : 09:00-17:30Untuk transaksi yang masuk pada jam 15:00 akan dikirim pada hari selanjutnya.Jangan sungkan untuk diskusikan atau chat kami terlebih dahulu.",https://www.tokopedia.com/iooieyewear,4400764,2,True,False
11199700506,Vacuum Insulated Sport Jug 2500ml - Black,,1,False,Rp498.138,,Rp865.800,Thermos Indonesia,Jakarta Barat,"FJQ-2500 BKThermos adalah produsen global dan pelopor dalam mengembangkan produk wadah vakum yang inovatif dengan teknologi isolasi termutakhir yang sesuai dengan berbagai gaya hidup.Product ParameterLisensi : JepangKode : FJQ-2500 BKVolume : 2500 mlBerat : 1.4 KgMaterial : Stainless SteelWarna : Black Menyimpan temperatur suhu terendah : dibawah 12C (6 jam)Cara yang tepat untuk membersihkan ThermosSetelah pemakaian bersihkan dengan air panas sampai bersih.Bersih bebas kerak1. Masukan sabun cuci piring secukupnya ke dalam Thermos2. Tambahkan air panas hingga penuh. Diamkan kurang lebih 5 menit.3. Bilas dengan air panas kurang lebih 3 kali.Bersih dari bekas kopi, teh atau susu1. Kocok Thermos dengan air panas hingga ampas hilang2. Masukan sabun cuci piring secukup nya kemudian gosok dengan sikat halus.3. Bilas dengan air panas hingga busa hilang.Kebijakan Komplain & Pengembalian Pesanan:1. Mohon untuk bisa melakukan Video Unboxing (Pembukaan Paket), Foto Penerimaan Produk, Foto Resi dan Label Pembeli saat paket sudah berhasil diterima sehingga jika ada Kerusakan, Kekurangan Produk/Hadiah, atau Ketidaksesuaian Produk yang diterima bisa dilakukan validasi melalui kelengkapan tersebut.2. Jika tidak ada atau hanya memiliki salah satu dari kelengkapan yang disebutkan, maka segala bentuk komplain yang masuk tidak bisa ditindak lanjuti atau dianggap tidak sah. *kecuali: memang ada kesalahan dari sisi Penjual3. Kerusakan packaging hanya pada bagian luar (bagian dalam utuh, produk tidak ada kerusakan/kekurangan, dll) disebabkan penanganan paket dari Pihak Jasa Ekspedisi yang kurang baik. Diharapkan agar Pembeli bisa melakukan komplain langsung ke Pihak Jasa Ekspedisi.",https://www.tokopedia.com/thermos,4400764,2,True,False
9096311157,Sniper Splitter Converter lightning to 3.5mm audio jack,,2,False,Rp29.000,,Rp199.000,Sniper Indonesia,Jakarta Barat,"Sniper Splitter Converter lightning to 3.5mm male audio jackâ¦¿Spesifikasi :âš¡ï¸Material : Aluminum alloy+nylonâš¡ï¸Interface : Lightningâš¡ï¸Output : 5V-2.4Aâš¡ï¸Color : Blackâš¡ï¸Cable Length : Â± 13cmâš¡ï¸Function : Charging ,Music & Call ( LIGHTNING OPEN MIC ,JACK 3.5MM )âš¡ï¸Support : Charging ,Music & Callâ¦¿Powerful FunctionsAllows you to Control Music (volume, previous/next), Answer Phone Calls easily, just connect audio headphone/earphone/microphone to your Apple devices with the adapter.â¦¿Plug & PlayThis adapter lets you connect devices that use a 3.5mm audio plug to your Lightning devices. Just plug the adapter in your device, let your Apple equipment recognize the adapter for 3-5 sec before playing music.â¦¿Wide Compatibility- Compatible with Apple devices which have a lightning connector (iPhone 14 Pro Max / iPhone 14 Pro / iPhone 14 Plus / iPhone 14 / iPhone 13 Pro Max / iPhone 13 Pro / iPhone 13 / iPhone 7 / 7 Plus / 8 / 8 Plus / X / XR / XS / XS Max / 11 / 11 Pro / 11 Pro Max / SE(2020) / 12 / 12 Mini / 12 Pro / 12 Pro Max, etc).- The 3.5mm female adapter works with virtually any 3.5mm audio device, including headphones, earphones, and audio cables.CATATAN : Mohon videokan proses unboxing pada saat Anda membuka paket pengiriman. Segala komplain mengenai kekurangan barang tidak akan kami tanggapi tanpa adanya bukti video unboxing. Terima Kasih",https://www.tokopedia.com/sniper-indonesia,4181187,3,True,False
448541318,Alas duduk lantai/lesehan 40x40 cm isi rebonded anti kempes,,2,False,Rp28.000,,Rp52.900,Re-born Tech,Kota Tangerang,"Alas duduk lantai/lesehan anti kempes dan cover tahan airUkuran :40x40Isi : Rebonded D50Cover :oscar tahan air dan mudah dibersihkanCover dilengkapi ritsletingPilihan warna:Abu,coklat,merah,maroon,cream,pink,hijau,biru,ungu,hitam,cream",https://www.tokopedia.com/re-borntech,4181187,3,True,False
2049582561,kopi drip bag paket 5 pcs arabika dan blend,,2,False,Rp25.000,,Rp50.000,Kemenady Coffee,Kota Bogor,"Bagi kamu yang penasaran dengan kopi pilihan dan terbaik kami, kamu sekarang bisa menikmati di rumah saja. Cukup dengan gelas dan teko air panas kamu bisa nyeduh 2 kopi terbaik pilihan kami.Paket Drip Bag isi 5pcs:(3ğ˜¹)  Emergency Blend 8gr(2ğ˜¹)  Arabica Bogor Gn Arca Red Honey 8grCara Penyeduhan:1. Letakan dripbag yang telah dibuka di atas gelas. (Cangkir lebih baik)2. Lakukan proses blooming dengan menyiram permukaan atas dripbag dengan air panas 20ml selama 30 detik.3. Lakukan penyeudhan dengan perlahan sebanyak 150ml air panas.4. Setelah penyeduhan diamkan selama 3 menit.5. Angkat Dripbag dan Enjoy your Coffee !!remeber #neverskipyourshot",https://www.tokopedia.com/kemenadycoffee,4181187,3,False,False
3225102949,kopi dripbag anti ngantuk Night Hunter 5pcs,,2,False,Rp20.000,,Rp40.000,Kemenady Coffee,Kota Bogor,PEMBELIAN MIN 5 PCSKopi Drip Bag yang cocok buat kamu yang lagi anti ngantuk. Pilihan kopi di Drip Bag Series ini dirancang untuk menambah asupan kafein kamu di malam har.Paket Drip Bag isi 5pcs:(3ğ˜¹) Kleverig Blend 8gr(2ğ˜¹) Robusta Bogor Gn Arca Red Honey 8grCara Penyeduhan:1. Letakan dripbag yang telah dibuka di atas gelas. (Cangkir lebih baik)2. Lakukan proses blooming dengan menyiram permukaan atas dripbag dengan air panas 20ml selama 30 detik.3. Lakukan penyeudhan dengan perlahan sebanyak 150ml air panas.4. Setelah penyeduhan diamkan selama 3 menit.5. Angkat Dripbag dan Enjoy your Coffee !!remeber #neverskipyourshot,https://www.tokopedia.com/kemenadycoffee,4181187,3,False,False
1672618151,Evangeline Musk Eau De Parfum 100ml Black Parfum Wanita,,2,False,Rp33.954,,Rp50.000,Evangeline Parfum,Jakarta Utara,"Black Musk  Top Notes: Pear, Pink Pepper, Bergamot  Middle Notes: Heliotrope, Marzipan, Almond, Ylang Ylang, Licorice  Base Notes: Musky, Patchouli, Vetiver, ChocolateVolume: 100ml Eau De ParfumDetail pengiriman:- Pesanan dikirim dari Jakarta- Parfum dikirim menggunakan kardus dan 1 layer bubble- Pengiriman luar Pulau Jawa disarankan belanja max 4 botol / transaksi",https://www.tokopedia.com/evangelineparfum,4400764,3,True,False
644605696,NutriSari Blewah (40 Sch),,6,False,Rp45.810,,Rp62.000,NutriMart,Jakarta Utara,"NutriSari Blewah merupakan minuman serbuk dari blewah yang kaya akan vitamin dan mineral. Rasa blewah yang segar memperkaya rasa NutriSari Blewah untuk disajikan dingin dan cocok untuk berbuka puasa. Hanya blewah terbaik yang kami pilih untuk memberikan manfaat 6 vitamin, 2 mineral, dan vitamin C yang mampu penuhi 100% AKG tubuh. NutriSari Blewah, segar dan bervitamin untuk berbuka puasa!Kreasi Menu NutriSari: Es Serut NutriSari BlewahCara Penyajian dan Petunjuk Konsumsi :Larutkan 1 sachet NutriSari Blewah kedalam segelas air dingin (250 ml). NutriSari Blewah siap menyegarkan harimu!Bahan-bahan untuk jelly NutriSari: - 5 sachet NutriSari Blewah - 30 gr Bubuk Jelly - 1000 ml Air - 400 r Nata de coco - 40 gr Biji Selasih (direndam dalam 200ml air) - 3-5 buah Jeruk NipisBahan-bahan untuk simple syrup: - 500 gr Gula Pasir - 200 ml Air - 2 lembar Daun PandanCara membuat: 1. Masukkan 5 sachets NutriSari Blewah + 30 gr Bubuk Jelly + 1000 ml Air. Masak hingga mendidih 2. Tuang larutan Jelly NutriSari Blewah ke dalam wadah, dinginkan hingga mengeras 3. Kerok jelly menggunakan kerokan kelapa4. Masak seluruh bahan simple syrup, didihkan hingga mengental 5. Potong jeruk nipis 6. Masukkan jelly, selasih, sirup dan potongan jeruk nipis ke dalam gelas cup. Tambahkan es batu dan air sesuai selera.Konsultasikan langsung kebaikan jeruk dalam NutriSari Blewah melalui customer relation kami di nomor 021-4607777",https://www.tokopedia.com/nutrimartid,4400764,9,True,False
12398730189,PAKET Snack Creamy Kucing 50 PCS-Cat Food-Paket Vitamin Kucing Basah,,4,False,Rp33.021,,Rp87.500,Pawsitive Vibes,Jakarta Barat,"Paket snack kucing cremay,Harga untuk isi 50pcs.Snack kucing terbaik untuk kesayangan kamu 100% daging asli, kaya nutrisi. Sehat dan bebas kimia. Manfaat:ğŸ¾Menambah nafsu makan kucingğŸ¾Membuat bulu lebih lebat dan bercahaya ğŸ¾ Meningkatkan imunitas anabulTersedia 3 variant rasa1. Chicken2. Salmon3. Tuna**Varian di mix atau hanya 1 varian karena stock terbatas**Cara penyajian; ğŸ¾Bisa diberikan langsung ke kucing peliharaan anda, atau di campurkan ke makanan kering sehingga lebih meningkatkan nafsu makan kucing anda.Jumlah makan yang disarankan: ğŸ¾1. Jangan memberi makan anak kucing berusia kurang dari dua bulan2. Kitten / anak kucing 3 bulan keatas: max 1 stick/ hari3. Kitten muda dan dewasa : 6 bulan keatas max 3-6 stick/ hari(Hal ini dapat meningkat atau menurun sesuai dengan situasi aktual)About Pawsitive Vibes ğŸ¾  â€¢100% Original product   â€¢FREE packaging bubble dan kardus untuk produk yg riskan/gampang rusak. â€¢Jam Operasional 08:00-15:00. Order diluar jam operasional akan dikirim ketika beroperasi kembali.   â€¢Grab,Gojek,Instan available setiap senin-sabtuâ€¢JNT Senin-Sabtu. ",https://www.tokopedia.com/pawsitivevibes,4400764,6,True,False
375325472,HDT 9 PCS KUNCI L SET PANJANG KOMBINASI BINTANG,,2,False,Rp21.736,,Rp52.000,Mollar Official,Kota Cirebon,"Brand : HDTKunci ""L"" CrV HDT-9LC 9pcs CombinasiKey",https://www.tokopedia.com/mollarofficial,4400764,3,True,False
